url,text,context
https://bsky.app/profile/shellyamber.bsky.social/post/3lr3bebklac2n,"Then stop with the Gestapo tactics you assmunch. Stop listening to that little spray-on hair bitch Stephen Miller. Stop dragging men, women and children off the street without warrants, charges. Quit wearing masks and ID who you are. Stop with the bs and stop violating peoples’ rights you prick.","Author: @shellyamber.bsky.social
Post: Then stop with the Gestapo tactics you assmunch. Stop listening to that little spray-on hair bitch Stephen Miller. Stop dragging men, women and children off the street without warrants, charges. Quit wearing masks and ID who you are. Stop with the bs and stop violating peoples’ rights you prick.
Quoted @marcofoster.bsky.social: Awww you guys - the Acting Director of ICE is really upset that we keep accurately refering them the American Gestapo and calling out their kidnappings. Keep up the good work everyone!!!"
https://bsky.app/profile/gadi2346.bsky.social/post/3m4gqdy6kpc2v,"What a load of shite.

Can't be taking the criticism.","Author: @gadi2346.bsky.social
Post: What a load of shite.

Can't be taking the criticism.
Quoted @keithboykin.bsky.social: Trump has revoked the visa for Wole Soyinka, the 91-year-old Nobel Prize-winning author from Nigeria, who has taught at Harvard, Yale, Duke, Emory, and NYU.

“I have no visa. I am banned,” Soyinka said."
https://bsky.app/profile/lynskoang.bsky.social/post/3m4fwphv5fc24,thrilling implications for the plural of “queef”,"Author: @lynskoang.bsky.social
Post: thrilling implications for the plural of “queef”
Quoted @mckee.bsky.social: “Beeves” is an accepted plural of “beef”"
https://bsky.app/profile/lexbang.bsky.social/post/3lfxayzb4uc2c,B4 Unloading Big with @uncutxotter.bsky.social 💦💦🌊 This #uncut hottie makes his #batorpenis shoot insanely huge #cum loads again and again 🔥🔥🔥 #hugecumshot #cumpilation #bigcummer #cumshooter #hyperspermia #batelife #maleorgasm #ejaculator #manmilk #dickjuice #sperm 🍼🍼🍼 Who needs a huge cum shower?,"Author: @lexbang.bsky.social
Post: B4 Unloading Big with @uncutxotter.bsky.social 💦💦🌊 This #uncut hottie makes his #batorpenis shoot insanely huge #cum loads again and again 🔥🔥🔥 #hugecumshot #cumpilation #bigcummer #cumshooter #hyperspermia #batelife #maleorgasm #ejaculator #manmilk #dickjuice #sperm 🍼🍼🍼 Who needs a huge cum shower?
Mentions: uncutxotter.bsky.social
Tags: uncut;batorpenis;cum;hugecumshot;cumpilation;bigcummer;cumshooter;hyperspermia;batelife;maleorgasm;ejaculator;manmilk;dickjuice;sperm"
https://bsky.app/profile/gvent.bsky.social/post/3m4gnyrm3qk2f,"Funny isn’t it!

So true! Grab em by the balls and their hearts and minds will follow!

Clearly Trumps crimes, grift, Epstein links, fascist actions, screwing US citizens over health and food and moronic behaviors didn’t grab em the balls! 

How sad and indicative is that?","Author: @gvent.bsky.social
Post: Funny isn’t it!

So true! Grab em by the balls and their hearts and minds will follow!

Clearly Trumps crimes, grift, Epstein links, fascist actions, screwing US citizens over health and food and moronic behaviors didn’t grab em the balls! 

How sad and indicative is that?
Reply to @rawstory.com: Multiple Republicans from states that rely on farming have finally reached their breaking point with President Donald Trump, according to a new report."
https://bsky.app/profile/lexbang.bsky.social/post/3lkr25y6w322h,771 Draining That Dick with @nickblaxe.bsky.social 💦💦💦 The thought of fucking your holes makes this #horny hottie's #harddick overflow with sweet #cum 🍆🔥🔥 #cumpilation #maleorgasm #cumshot #batorcum #manmilk #dickjuice #dicknut #sperm #ejaculator 🍼🍼🍼 Where would you take his nut?,"Author: @lexbang.bsky.social
Post: 771 Draining That Dick with @nickblaxe.bsky.social 💦💦💦 The thought of fucking your holes makes this #horny hottie's #harddick overflow with sweet #cum 🍆🔥🔥 #cumpilation #maleorgasm #cumshot #batorcum #manmilk #dickjuice #dicknut #sperm #ejaculator 🍼🍼🍼 Where would you take his nut?
Mentions: nickblaxe.bsky.social
Tags: horny;harddick;cum;cumpilation;maleorgasm;cumshot;batorcum;manmilk;dickjuice;dicknut;sperm;ejaculator"
https://bsky.app/profile/sloanelysbeth.bsky.social/post/3m3zjkqofoc2o,he looks like a bollock.,"Author: @sloanelysbeth.bsky.social
Post: he looks like a bollock.
Quoted @theguardian.com: RFK Jr to urge Americans to eat more saturated fats, alarming health experts"
https://bsky.app/profile/hotdiggitydr.bsky.social/post/3m2spvc3pqk2m,"Seriously, f*ck this shitdick.","Author: @hotdiggitydr.bsky.social
Post: Seriously, f*ck this shitdick.
Quoted @urgeoverkill.bsky.social: Primary this huge disappointment."
https://bsky.app/profile/theskagooner.bsky.social/post/3m3wzhboqbk2g,"Akin to the Secretary of Transportation posting a vid of themselves during a ridealong in an F1 car.  I'm sure Mr. Allen would need a kleenex to wipe up the spooge after seeing that as well.

Idiots.","Author: @theskagooner.bsky.social
Post: Akin to the Secretary of Transportation posting a vid of themselves during a ridealong in an F1 car.  I'm sure Mr. Allen would need a kleenex to wipe up the spooge after seeing that as well.

Idiots.
Quoted @gtconway.bsky.social: It's a new DARPA project:  The fumes he exhales fuel the fighter's propulsion system."
https://bsky.app/profile/tiana-atr.bsky.social/post/3m4cailt4vc23,"Have a couple Quivers: bsky.app/profile/spic...

bsky.app/profile/spic...

Though my personal favorite character is Monster Researcher Eclair bsky.app/profile/spic...

bsky.app/profile/spic...","Author: @tiana-atr.bsky.social
Post: Have a couple Quivers: bsky.app/profile/spic...

bsky.app/profile/spic...

Though my personal favorite character is Monster Researcher Eclair bsky.app/profile/spic...

bsky.app/profile/spic...
Reply to @tiana-atr.bsky.social: @spicymancer.bsky.social  Here's the artist, shes got a bunch of characters including Quiver and lots of short comics with them.
Quoted @spicymancer.bsky.social: #Bonktober69 Day 14: Translucent!

A bit of Quiver lore!"
https://bsky.app/profile/marvls1.bsky.social/post/3m3n4jtz6ac2g,"And only the ones who voted for you dont mind to being shited on by you, and alot of them are FAFO and dropping you like a hooker with HIV!","Author: @marvls1.bsky.social
Post: And only the ones who voted for you dont mind to being shited on by you, and alot of them are FAFO and dropping you like a hooker with HIV!
Reply to @gtconway.bsky.social"
https://bsky.app/profile/ayitsgreyj.bsky.social/post/3m47vbmandk2z,"What the fuck. We don't have furry porn for our podcast but these bimbos at @bigbomedia.bsky.social (who you should definitely follow) get some???

This is a disgrace. We cannot be losing in the porn economy","Author: @ayitsgreyj.bsky.social
Post: What the fuck. We don't have furry porn for our podcast but these bimbos at @bigbomedia.bsky.social (who you should definitely follow) get some???

This is a disgrace. We cannot be losing in the porn economy
Quoted @bigbomedia.bsky.social: SO UHHHHHHHHHHHHHHHH

We are delighted to announce that someone has submitted furry porn of Decomportia Melonch, the opossum necromancer from Bigbo Quest.

I believe this legally makes us a real IP now, right?

Thank you to DiveToMyArt on Reddit for fearlessly sending me their work 😂
Mentions: bigbomedia.bsky.social"
https://bsky.app/profile/m0urn-the-weenie.bsky.social/post/3m4fwed3yr224,"A PRIVATE PRISON SYSTEM
THAT WILL HOUSE THE HOMELESS
EXACT PRIVATIONS FROM THEM
INSTEAD OF PUBLIC HOUSING
BECAUSE GOD BE DAMNED
IF THERE BE INCONVENIENCE

(Wildddddddddd America!)","Author: @m0urn-the-weenie.bsky.social
Post: A PRIVATE PRISON SYSTEM
THAT WILL HOUSE THE HOMELESS
EXACT PRIVATIONS FROM THEM
INSTEAD OF PUBLIC HOUSING
BECAUSE GOD BE DAMNED
IF THERE BE INCONVENIENCE

(Wildddddddddd America!)
Quoted @sharonk.bsky.social: the comments, are as you expect, bleak"
https://bsky.app/profile/cattlecrafts.bsky.social/post/3m4g6pd5ka22j,"Change one letter, ruin a candy

Reese's Peanut Butter Cums","Author: @cattlecrafts.bsky.social
Post: Change one letter, ruin a candy

Reese's Peanut Butter Cums
Quoted @goobermunch.bsky.social: Change one letter, ruin a candy

Sharties."
https://bsky.app/profile/eindrifteraston.bsky.social/post/3m4du73ckuk2q,Good thing I can pirate your shit ass apple tv!!!,"Author: @eindrifteraston.bsky.social
Post: Good thing I can pirate your shit ass apple tv!!!
Reply to @eindrifteraston.bsky.social: Apparently I missed that MLS did some stupid AI summaries for one of their matches a few weeks back.

Not even 21 and I want a drink 🫩"
https://bsky.app/profile/xenofawn.bsky.social/post/3m4c4b3czs22e,"did you tell her about how if brianna were still alive you’d proudly be ripping her healthcare away from her and segregating her in school? or did labour policy on that not come up, you shit cunt","Author: @xenofawn.bsky.social
Post: did you tell her about how if brianna were still alive you’d proudly be ripping her healthcare away from her and segregating her in school? or did labour policy on that not come up, you shit cunt
Quoted @joepowell.bsky.social: Meeting yesterday with Brianna Ghey's mother Esther - and pupils at Brianna's former school - was a powerful reminder of why controls on social media and smartphone use in schools is so important for children, teachers and parents. (1/2)"
https://bsky.app/profile/shy-magpie.bsky.social/post/3ltpsoo2ex22y,Bill! Bill! Bill! Bill! Bill Nye the Science Guy! Also French Kiss because my French teacher couldn't be bothered to skim it before class to determine if they even spoke a significant amount of French and was aghast at a scene where the guy distracts the girl by speculating about her orgasims,"Author: @shy-magpie.bsky.social
Post: Bill! Bill! Bill! Bill! Bill Nye the Science Guy! Also French Kiss because my French teacher couldn't be bothered to skim it before class to determine if they even spoke a significant amount of French and was aghast at a scene where the guy distracts the girl by speculating about her orgasims
Quoted @utopiadistrict.bsky.social: Name something you remember watching in this!"
https://bsky.app/profile/3ofspades.bsky.social/post/3m4f5reqv4s2e,Everyone on Tumblr calling Aven out for taking Ratio on the shittiest date in history. 😅😅😅😅,"Author: @3ofspades.bsky.social
Post: Everyone on Tumblr calling Aven out for taking Ratio on the shittiest date in history. 😅😅😅😅
Reply to @3ofspades.bsky.social: Let's see what's under cup number 2!!

#ratiorine #wipwednesday #♠️📝"
https://bsky.app/profile/molson.bsky.social/post/3m3qcbfj42c2f,"""poutang""  I thought it was poontang","Author: @molson.bsky.social
Post: ""poutang""  I thought it was poontang
Reply to @dijcrap.hates.lol: Can we say poutang any more or did that baby get thrown out with the bathwater during The Great Cancellation Era of the early Biden administration 🤔"
https://bsky.app/profile/qmickhusky.bsky.social/post/3m4gdab3wxs25,Tomorrow I will be delivering in suit and might make appearance at my main job and run around and hand out some candy on my lunch break,"Author: @qmickhusky.bsky.social
Post: Tomorrow I will be delivering in suit and might make appearance at my main job and run around and hand out some candy on my lunch break
Reply to @bear-paw-patches.bsky.social: Idk how well that would go over at my job XD"
https://bsky.app/profile/josephfarina.bsky.social/post/3lwbztesnxc2x,Not to worry when this fuckwhit leaves the ledger will even out & all his illgotten wealth will be frozen & seized!,"Author: @josephfarina.bsky.social
Post: Not to worry when this fuckwhit leaves the ledger will even out & all his illgotten wealth will be frozen & seized!
Quoted @tommyboy0690.bsky.social: PoliticsVideoChannel
@politvidchannel
BREAKING: Trump may have 'stolen' $3 Billion from the American people in first 100 days of Presidency"
https://bsky.app/profile/hentaihubx.bsky.social/post/3m4gm4bziww22,"➡️ Club Slut Panam Riding Big White Cock RPD [GODWENTNORTH]
➡️ View complete video: https://3dhentai.it.com/video/910/wak

🔥 Unleash Her Hentai Body 😈: https://golove.ai/?ref=hentaix 🔥

#Manga #Animebabe #Romcon #Comic #Hentaifreak #Animefetishart #Animeblowjob #Hentaicutie","Author: @hentaihubx.bsky.social
Post: ➡️ Club Slut Panam Riding Big White Cock RPD [GODWENTNORTH]
➡️ View complete video: https://3dhentai.it.com/video/910/wak

🔥 Unleash Her Hentai Body 😈: https://golove.ai/?ref=hentaix 🔥

#Manga #Animebabe #Romcon #Comic #Hentaifreak #Animefetishart #Animeblowjob #Hentaicutie
Tags: Manga;Animebabe;Romcon;Comic;Hentaifreak;Animefetishart;Animeblowjob;Hentaicutie"
https://bsky.app/profile/wisdomwangle.bsky.social/post/3lyfv3orths2f,GRRRR BOOOBS !!!!!!!!! Gosh I love boobs...,"Author: @wisdomwangle.bsky.social
Post: GRRRR BOOOBS !!!!!!!!! Gosh I love boobs...
Reply to @atherol.bsky.social: Gift for my lovely friend @azaliablutide.bsky.social!"
https://bsky.app/profile/ayeeredboi.bsky.social/post/3m4fy7bx3mk2j,"STOP MOTHERFUCKIN' TOUCHIN' YO'SELVS OUTTA HERE, Y'ALL THINKIN' MEGAN HORNDOG, FREAKY FUCKS","Author: @ayeeredboi.bsky.social
Post: STOP MOTHERFUCKIN' TOUCHIN' YO'SELVS OUTTA HERE, Y'ALL THINKIN' MEGAN HORNDOG, FREAKY FUCKS
Quoted @ayeeredboi.bsky.social: HOLY FUCK MEGAN FOX IS TOY CHICA RIGHT NOW

Y'ALL PULLING YOUR COCKS OUTTA HERE, GTFO"
https://bsky.app/profile/herrcausb.bsky.social/post/3m4fov3x4rs23,"@guido-kuehn.bsky.social hat es hervorragend in einem Bild dargestellt ...

bsky.app/profile/herr...","Author: @herrcausb.bsky.social
Post: @guido-kuehn.bsky.social hat es hervorragend in einem Bild dargestellt ...

bsky.app/profile/herr...
Reply to @sachlichepolitik.bsky.social: Wenn, wie jetzt öfter zu hören ist, sich viele nun in der ""Mitte"" treffen und meinen, vielleicht habe die Debatte am Ende noch was Gutes, wenn sie zu konstruktiven Lösungen führt, dann bedeutet das eine Bagatellisierung von Rassismus. Und Grenzverschiebung. Diese Rhetorik ist gefährlich.
Quoted @herrcausb.bsky.social: Das konservative Spiel ...
Mentions: guido-kuehn.bsky.social"
https://bsky.app/profile/thevinyllitigator.bsky.social/post/3m4gq2spwpc2h,"The VP thing isn’t going to happen, but I find it naive to believe that if it were to happen that Vance wouldn’t tell Trump to go fuck himself and refuse to resign after the fact if they win. Which would also create…..other potential problems.","Author: @thevinyllitigator.bsky.social
Post: The VP thing isn’t going to happen, but I find it naive to believe that if it were to happen that Vance wouldn’t tell Trump to go fuck himself and refuse to resign after the fact if they win. Which would also create…..other potential problems.
Reply to @rincewind.run: he’s not going to do any of this

the whole point of a third term is “fuck you the constitution is invalid I’m the king of America” he’s not here to play cutesy games where he runs as VP and Vance resigns or whatever

if his pet Supreme Court goes along, legality has nothing to do with it"
https://bsky.app/profile/apopularmonster.bsky.social/post/3m4fuxbqses2w,"They bastardized the ""Bald fade, high and tight"" to the point where there is no fade, its just a disconnected top - and it looks too much like Hitlers ginormous white-walls. 

As a hairdresser, I'm properly horrified.","Author: @apopularmonster.bsky.social
Post: They bastardized the ""Bald fade, high and tight"" to the point where there is no fade, its just a disconnected top - and it looks too much like Hitlers ginormous white-walls. 

As a hairdresser, I'm properly horrified.
Reply to @anothereye.bsky.social: Almost like we make our law enforcement keep groomed and a short cut. Are they all Nazis?"
https://bsky.app/profile/harajukustudio.bsky.social/post/3m4efrtmdqs2y,Please follow me 😊❤️ #nude #nudity #nudeart #porn #teen #shaved #pussy #onlyfans #fansly #18+ #boobs #tits #girl #nakedgirl #lesbi #lesbian #erotic #erotism #cute #pics #photos #sex #sexy #virgin #shy #beauty #smallboobs #anal #slut #porno #single #fucked #gay #lgbt #picoftheday #nsfw #adult,"Author: @harajukustudio.bsky.social
Post: Please follow me 😊❤️ #nude #nudity #nudeart #porn #teen #shaved #pussy #onlyfans #fansly #18+ #boobs #tits #girl #nakedgirl #lesbi #lesbian #erotic #erotism #cute #pics #photos #sex #sexy #virgin #shy #beauty #smallboobs #anal #slut #porno #single #fucked #gay #lgbt #picoftheday #nsfw #adult
Tags: nude;nudity;nudeart;porn;teen;shaved;pussy;onlyfans;fansly;18+;boobs;tits;girl;nakedgirl;lesbi;lesbian;erotic;erotism;cute;pics;photos;sex;sexy;virgin;shy;beauty;smallboobs;anal;slut;porno;single;fucked;gay;lgbt;picoftheday;nsfw;adult"
https://bsky.app/profile/tenshikits.bsky.social/post/3m4gptpctjc2a,"My version is Alastor gets pissed off at the way Charlie’s treating him/Lucifer’s continued existence and he tries to sneaky-ally himself with Vox, who does what the preacher man does best and tells honeyed lies about ‘double-crossing’ Charlie and ect","Author: @tenshikits.bsky.social
Post: My version is Alastor gets pissed off at the way Charlie’s treating him/Lucifer’s continued existence and he tries to sneaky-ally himself with Vox, who does what the preacher man does best and tells honeyed lies about ‘double-crossing’ Charlie and ect
Quoted @helluvarants.bsky.social: And in regards to episode 4, I'm calling it now. Alastor will have his ""I quit"" moment (probably because Lucifer pissed him off) and purposefully seek out Vox to take out his anger on him. 
#HazbinHotel #HazbinHotelSeason2"
https://bsky.app/profile/pitdiver.bsky.social/post/3m43yilupi22k,"“If you look past the biting and stuff, it’s still kinda like having normal Roy around. Maybe a bit shitfaced-“","Author: @pitdiver.bsky.social
Post: “If you look past the biting and stuff, it’s still kinda like having normal Roy around. Maybe a bit shitfaced-“
Quoted @gothamshadow.bsky.social: ""... And the zombie is new. Yes."""
https://bsky.app/profile/buddysystem8.bsky.social/post/3m4gqag4c4c2i,Litigation is involved in every denomination for molestation and assault. It is estimated 50% of pastors/ministers are addicted to porn. Domestic violence is the same as people who do not go to church. (U. of Minnesota).,"Author: @buddysystem8.bsky.social
Post: Litigation is involved in every denomination for molestation and assault. It is estimated 50% of pastors/ministers are addicted to porn. Domestic violence is the same as people who do not go to church. (U. of Minnesota).
Quoted @mikehixenbaugh.com: Last year we got a tip about a children's pastor who'd managed to stay in ministry for decades even as allegations of sex abuse trailed him across four states.

I kept pulling thread and found something far bigger: a 50-year pattern of abuse and cover-up in the largest Pentecostal denomination 🧵 1/"
https://bsky.app/profile/josephfarina.bsky.social/post/3m47mwq2wr22k,I would ask #Minus2 do you drive or own a car? You fuckwhit never knows how the other half lives! The best thing is that the US picks the easiest crime to prosecute quickly & its the murder of the fishermen! Put him in jail in remand with no bail! Then charge him in other cases while he's in prison!,"Author: @josephfarina.bsky.social
Post: I would ask #Minus2 do you drive or own a car? You fuckwhit never knows how the other half lives! The best thing is that the US picks the easiest crime to prosecute quickly & its the murder of the fishermen! Put him in jail in remand with no bail! Then charge him in other cases while he's in prison!
Quoted @carlquintanilla.bsky.social: Did they even say thank you. 🤡 

$F $GM $TSLA
Tags: Minus2"
https://bsky.app/profile/ripo1962.bsky.social/post/3m3zwqyzn522b,Djeezus Fistfucking Christ! Kunnen ze nou werkelijk helemaal niks meer daar in Hilversum? Anna fucking dobberneger bel Nanning rijdende rechter ga🤢🤬,"Author: @ripo1962.bsky.social
Post: Djeezus Fistfucking Christ! Kunnen ze nou werkelijk helemaal niks meer daar in Hilversum? Anna fucking dobberneger bel Nanning rijdende rechter ga🤢🤬
Quoted @pauwendewit.bsky.social: Vanavond in Pauw & De Wit: beschouwen we het ‘Debat van het Zuiden’ na met Jan Paternotte, Annabel Nanninga, Sandra Beckerman én demissionair ministers Karremans en Keijzer. Peter Kanne over de nieuwste zetelpeiling van Ipsos I&O. Marcel van Roosmalen ging op reportage bij de PVV."
https://bsky.app/profile/davidrlurie.bsky.social/post/3m4gortucic2c,"When I see one of those things lumbering down the road, my initial instinct is to feel sorry for the fool who bought it -- then I realize they almost certainly don't deserve my sympathy.","Author: @davidrlurie.bsky.social
Post: When I see one of those things lumbering down the road, my initial instinct is to feel sorry for the fool who bought it -- then I realize they almost certainly don't deserve my sympathy.
Quoted @carlquintanilla.bsky.social: “.. a problem-plagued run for a model that’s failed to catch on with consumers.”

@bloomberg.com $TSLA 
www.bloomberg.com/news/article..."
https://bsky.app/profile/marderzucht.bsky.social/post/3m4gofgdbak2r,"Bilder niedlicher Vögel sind für mich für immer lustig, weil die dann S C H W A N Z M E I S E o.ä. heißen und der Kontrast niemals nicht lustig sein wird","Author: @marderzucht.bsky.social
Post: Bilder niedlicher Vögel sind für mich für immer lustig, weil die dann S C H W A N Z M E I S E o.ä. heißen und der Kontrast niemals nicht lustig sein wird
Quoted @fetzenjessy.bsky.social: Schwanzmeisen die los müssen

🪶"
https://bsky.app/profile/ellecfromtwitter.bsky.social/post/3m3zohj5vkk2i,The ice agent probably didn't wet himself. He probably ejaculated with the excitement of shooting someone in the face,"Author: @ellecfromtwitter.bsky.social
Post: The ice agent probably didn't wet himself. He probably ejaculated with the excitement of shooting someone in the face
Reply to @revbennyd.bsky.social: Here's a photo of my friend and colleague, Jorge Bautista, getting shot in the face with a flashbang grenade. The ICE Agent is so afraid of Jorge (who was posing no threat)  that he has wet himself. Please share this photo. Everyone needs to know what cowards ICE agents are."
https://bsky.app/profile/stevebasnett.bsky.social/post/3m4dlrrip4s2o,Better dead than SMEG.,"Author: @stevebasnett.bsky.social
Post: Better dead than SMEG.
Reply to @champierth.bsky.social: Stop Making Everything Garbage"
https://bsky.app/profile/darkvander.bsky.social/post/3m4gl6nsiys24,"Pronteas, you do such good art~! I love how you draw breasts so much!","Author: @darkvander.bsky.social
Post: Pronteas, you do such good art~! I love how you draw breasts so much!
Reply to @pronteas.bsky.social: Thank you for the artshare!♥️"
https://bsky.app/profile/okapirouette.bsky.social/post/3m4gqmaeg5c23,"Un peu plus de 30 heures de jeu plus tard, le jeu est vachement plus dur 😅","Author: @okapirouette.bsky.social
Post: Un peu plus de 30 heures de jeu plus tard, le jeu est vachement plus dur 😅
Quoted @okapirouette.bsky.social: Bordel j'ai commencé Hollow knight hier soir et je suis déjà à fond. J'arrive pas à travailler, j'ai qu'une envie, allumer la console."
https://bsky.app/profile/flakyfoont.bsky.social/post/3m4gm7vqpjc2o,She is SO full of shit. She is a grifter and a sadist. And everything she says is a lie.,"Author: @flakyfoont.bsky.social
Post: She is SO full of shit. She is a grifter and a sadist. And everything she says is a lie.
Quoted @markjacob.bsky.social: Kristi Noem is flat-out lying when she claims no U.S. citizen has been arrested in her violent crackdown. Do a web search on “immigration citizen arrested” and you’ll see. Here’s one of the many documented reports we found."
https://bsky.app/profile/deereedbrklyn.bsky.social/post/3m3dbrtcyes2m,The Master(bate) Race,"Author: @deereedbrklyn.bsky.social
Post: The Master(bate) Race
Reply to @motherjones.com: No one in the GOP Hitler chat was a ""kid,"" JD Vance. We checked. 

By scanning public records and media reports, Mother Jones determined the ages of eight of the 11 participants in the abhorrent leaked texts from young Republicans that Politico covered on Tuesday: They appear to range from 24 to 35."
https://bsky.app/profile/far-far-away.bsky.social/post/3m47g52rews2j,"We have drilled down and reached the core of ""Every Accusation A Confession"" The choad who posted that response gave us all a look at his diseased black soul, and the insecurities that drive it","Author: @far-far-away.bsky.social
Post: We have drilled down and reached the core of ""Every Accusation A Confession"" The choad who posted that response gave us all a look at his diseased black soul, and the insecurities that drive it
Quoted @carlbeijer.bsky.social: This is the most insane response to a normal post I've ever seen"
https://bsky.app/profile/paulsdmcr.bsky.social/post/3m4gqfm7trc2c,"The shitty moneypit technology has a 100 episodes of Friends to steal from & still couldn’t get it right, but the techbros are telling us it’s some sort of game changer for writing & producing new, original material","Author: @paulsdmcr.bsky.social
Post: The shitty moneypit technology has a 100 episodes of Friends to steal from & still couldn’t get it right, but the techbros are telling us it’s some sort of game changer for writing & producing new, original material
Quoted @danmynrd.bsky.social: AI sitcom accidentally a Lynchian fever dream. The sort of general malaise that only the genius possess and insane lament."
https://bsky.app/profile/gameism.bsky.social/post/3m4gnxl4kks22,"Why do these absolute choads keep insisting on outing themselves as the least creative, zero imagination boring motherfuckers on the planet?

Like I grew up pre-internet where the most boring fuckers in society knew to keep their mouths shut because everyone would laugh at them otherwise.","Author: @gameism.bsky.social
Post: Why do these absolute choads keep insisting on outing themselves as the least creative, zero imagination boring motherfuckers on the planet?

Like I grew up pre-internet where the most boring fuckers in society knew to keep their mouths shut because everyone would laugh at them otherwise.
Reply to @antonhand.bsky.social: The ""waaahhhh game without humans bad' babies are everywhere."
https://bsky.app/profile/sloanelysbeth.bsky.social/post/3m4gpivhk722q,they really think ppl are gonna go ‘oh nobody calls him duke anymore. that makes up for all the child rape. ‘,"Author: @sloanelysbeth.bsky.social
Post: they really think ppl are gonna go ‘oh nobody calls him duke anymore. that makes up for all the child rape. ‘
Quoted @phillewis.bsky.social: LONDON (AP) — Buckingham Palace says King Charles III will strip Prince Andrew of remaining titles and evict him from royal residence."
https://bsky.app/profile/cherie-beachgirl.bsky.social/post/3m3eflsg5hc2l,I’d really really love to bi*ch slap that lil bastard Mike Johnson.,"Author: @cherie-beachgirl.bsky.social
Post: I’d really really love to bi*ch slap that lil bastard Mike Johnson.
Quoted @atrupar.com: Johnson: ""Grijalva should be working for her constituents right now. I don't know what she's doing. I keep seeing their political stunt videos. She should be in her office. She should be working or in the district for her constituents"" (Grijalva is not in fact a Rep. b/c Johnson refuses to seat her)"
https://bsky.app/profile/lotsiah.bsky.social/post/3m3ujgelq7c2m,"Za mě osobně fakt blbý argument, jak někomu vysvětlovat, co má a nemá dělat se svými penězi 😁
Nechápu, že to někdo ještě dokáže vypustit z pusy. Mluvit někomu do toho, za jakou radost vyměňuje svou práci.","Author: @lotsiah.bsky.social
Post: Za mě osobně fakt blbý argument, jak někomu vysvětlovat, co má a nemá dělat se svými penězi 😁
Nechápu, že to někdo ještě dokáže vypustit z pusy. Mluvit někomu do toho, za jakou radost vyměňuje svou práci.
Reply to @zdenyk.bsky.social: No přeci: Je to drahé a nemusí to mít. My jsme je taky neměli."
https://bsky.app/profile/negativetendencies.bsky.social/post/3ly4qfhato22u,Bill Pulte is a Trump asslick who is more full of shit than Tulsi turned loose on the Lee Harvey Oswald file.,"Author: @negativetendencies.bsky.social
Post: Bill Pulte is a Trump asslick who is more full of shit than Tulsi turned loose on the Lee Harvey Oswald file.
Quoted @muellershewrote.com: Every accusation is a confession www.reuters.com/world/us/bil..."
https://bsky.app/profile/ookingforward0.bsky.social/post/3m4fjjrnqmk25,"19/100
Desi girls are a gift for the soul  #nsfw #boobs #pmv #cum #wank #jerk #pump #jiggle #thick #thicc #erotic #boobs #sluts  #gooner #goon #goonett #sissy #blacked #cuck #goonfuel #masturbation #BBC #BNWO #WMAF #cumshot #babecock #tiktokslut  #pervygooner  #pornislife","Author: @ookingforward0.bsky.social
Post: 19/100
Desi girls are a gift for the soul  #nsfw #boobs #pmv #cum #wank #jerk #pump #jiggle #thick #thicc #erotic #boobs #sluts  #gooner #goon #goonett #sissy #blacked #cuck #goonfuel #masturbation #BBC #BNWO #WMAF #cumshot #babecock #tiktokslut  #pervygooner  #pornislife
Tags: nsfw;boobs;pmv;cum;wank;jerk;pump;jiggle;thick;thicc;erotic;boobs;sluts;gooner;goon;goonett;sissy;blacked;cuck;goonfuel;masturbation;BBC;BNWO;WMAF;cumshot;babecock;tiktokslut;pervygooner;pornislife"
https://bsky.app/profile/stormseazon.bsky.social/post/3lmh6ywdmrk27,"“ZIPLOCK BAGS OF KALE”

“IQ STOOPID PEOPLE”

What a fucken assmonkey !!","Author: @stormseazon.bsky.social
Post: “ZIPLOCK BAGS OF KALE”

“IQ STOOPID PEOPLE”

What a fucken assmonkey !!
Reply to @kidskingdom.bsky.social: Only God should abide here"
https://bsky.app/profile/harajukustudio.bsky.social/post/3m4g2k5kn3k2h,Please follow me 😊❤️ #nude #nudity #nudeart #porn #teen #shaved #pussy #onlyfans #fansly #18+ #boobs #tits #girl #nakedgirl #lesbi #lesbian #erotic #erotism #cute #pics #photos #sex #sexy #virgin #shy #beauty #smallboobs #anal #slut #porno #single #fucked #gay #lgbt #picoftheday #nsfw #adult,"Author: @harajukustudio.bsky.social
Post: Please follow me 😊❤️ #nude #nudity #nudeart #porn #teen #shaved #pussy #onlyfans #fansly #18+ #boobs #tits #girl #nakedgirl #lesbi #lesbian #erotic #erotism #cute #pics #photos #sex #sexy #virgin #shy #beauty #smallboobs #anal #slut #porno #single #fucked #gay #lgbt #picoftheday #nsfw #adult
Quoted @babes2025.bsky.social: #asian
Tags: nude;nudity;nudeart;porn;teen;shaved;pussy;onlyfans;fansly;18+;boobs;tits;girl;nakedgirl;lesbi;lesbian;erotic;erotism;cute;pics;photos;sex;sexy;virgin;shy;beauty;smallboobs;anal;slut;porno;single;fucked;gay;lgbt;picoftheday;nsfw;adult"
https://bsky.app/profile/jotata75.bsky.social/post/3m3rye7qwp22w,When will pos @fetterman.senate.gov resign or switch to GOP to be officially the felon’s asslicker?,"Author: @jotata75.bsky.social
Post: When will pos @fetterman.senate.gov resign or switch to GOP to be officially the felon’s asslicker?
Reply to @atrupar.com: Fetterman describes Trump trying to steal $230 million from taxpayers as ""small ball, and I think we have much bigger problems than worrying about those things.""
Mentions: fetterman.senate.gov"
https://bsky.app/profile/latinabondageuk.bsky.social/post/3m33xvudaos2k,"💜💜💜VIDEO OUT💜💜💜

www.latinabondageuk.com

Sofia & Ruby Suspended, Gagged And Hogtied By A Stalker (HD)

#BDSM #RopeBondage #BallGagged #GaggedWomen #GagTalk #Struggling #Hogtie #Strappado #Drooling #DID #Bound #BareFoot #Soles #Feet #GirlWithTattoos #SmallBoobs #fyp #sexy #DamselInDistress #hogtied","Author: @latinabondageuk.bsky.social
Post: 💜💜💜VIDEO OUT💜💜💜

www.latinabondageuk.com

Sofia & Ruby Suspended, Gagged And Hogtied By A Stalker (HD)

#BDSM #RopeBondage #BallGagged #GaggedWomen #GagTalk #Struggling #Hogtie #Strappado #Drooling #DID #Bound #BareFoot #Soles #Feet #GirlWithTattoos #SmallBoobs #fyp #sexy #DamselInDistress #hogtied
Tags: BDSM;RopeBondage;BallGagged;GaggedWomen;GagTalk;Struggling;Hogtie;Strappado;Drooling;DID;Bound;BareFoot;Soles;Feet;GirlWithTattoos;SmallBoobs;fyp;sexy;DamselInDistress;hogtied"
https://bsky.app/profile/lahorn28.bsky.social/post/3m4gkjafz5s2q,@dennycarter.bsky.social Salute! Sit 2: T Mac vs GB - Boutte vs Atl - Nico vs Den - Dike vs LAC - Pierce vs Pitt - Gadsden vs Ten. big big THANKS!!,"Author: @lahorn28.bsky.social
Post: @dennycarter.bsky.social Salute! Sit 2: T Mac vs GB - Boutte vs Atl - Nico vs Den - Dike vs LAC - Pierce vs Pitt - Gadsden vs Ten. big big THANKS!!
Mentions: dennycarter.bsky.social"
https://bsky.app/profile/gunlaigse.bsky.social/post/3m3ybkp2aos2v,"look, i ain’t violent. anti violence in most cases. this is one exception. i am confident in *hands*. 

if i ever see this shit irl, just gonna settle with the fact i might get myself a record, because ima lay this mutherfucker out. 

oidche oidche, nazi. sleepy time, bitch.","Author: @gunlaigse.bsky.social
Post: look, i ain’t violent. anti violence in most cases. this is one exception. i am confident in *hands*. 

if i ever see this shit irl, just gonna settle with the fact i might get myself a record, because ima lay this mutherfucker out. 

oidche oidche, nazi. sleepy time, bitch.
Quoted @svartflagg.bsky.social: Last night In Athens, GA, a 33 year old named Kenneth Leland Morgan was arrested for aggravated assault after dressing like a Nazi and hitting a glass over a woman's face at a bar people were forcing him out of. The only people who want to dress like Nazis for Halloween are Nazis."
https://bsky.app/profile/blackazzknight.bsky.social/post/3m4ftcqqrnk2x,One may have mentioned that they were goddamned motherfucking Nazis. #DCNative #Mars 😎 #NowPlaying #Hopscotch,"Author: @blackazzknight.bsky.social
Post: One may have mentioned that they were goddamned motherfucking Nazis. #DCNative #Mars 😎 #NowPlaying #Hopscotch
Quoted @leahmcelrath.bsky.social: DHS posted the video below on both X and Bluesky. They clearly WANT to be identified with Nazis. So be it.

Many of our grandfathers fought Nazis abroad, and we will fight Nazis at home.
Tags: DCNative;Mars;NowPlaying;Hopscotch"
https://bsky.app/profile/telston.bsky.social/post/3m4gfi7ezzs24,I'd be more amused if I wasn't completely convinced that it's bollocks.,"Author: @telston.bsky.social
Post: I'd be more amused if I wasn't completely convinced that it's bollocks.
Reply to @magnets.bsky.social: fakest poll of all time. nonetheless extremely funny"
https://bsky.app/profile/polarisoph.bsky.social/post/3m4fjbm33c22n,mind you my daily bag has a quote from moulin rouge on it just to be extra annoying about the shit i'm obsessed with,"Author: @polarisoph.bsky.social
Post: mind you my daily bag has a quote from moulin rouge on it just to be extra annoying about the shit i'm obsessed with
Quoted @polarisoph.bsky.social: being a kpop stan is just having like 15 different things hanging on your bag for some fucking reason"
https://bsky.app/profile/craigary.bsky.social/post/3m4ewkjg2ec2i,"Since I don’t want to whine too much (I’ll just mutter) gotta pay respect and tip hat when a guy pitches this great, even if against my tired-ass team. 🧢","Author: @craigary.bsky.social
Post: Since I don’t want to whine too much (I’ll just mutter) gotta pay respect and tip hat when a guy pitches this great, even if against my tired-ass team. 🧢
Quoted @slangsonsports.bsky.social: TREY YESAVAGE 

12 strikeouts
No walks 

That’s the most strikeouts by a pitcher in a World Series game with no walks"
https://bsky.app/profile/angelesbandit.bsky.social/post/3m37o35nk7c2x,I thought he’d have a penis on his forehead rather than a vagina under his chin. A cuntface rather than a dickhead…,"Author: @angelesbandit.bsky.social
Post: I thought he’d have a penis on his forehead rather than a vagina under his chin. A cuntface rather than a dickhead…
Reply to @just-jack-1.bsky.social: Behold the National Neckgina."
https://bsky.app/profile/koinunokokishin.bsky.social/post/3m4gcivo3us22,"Change one letter, ruin a candy

Fruit Cums","Author: @koinunokokishin.bsky.social
Post: Change one letter, ruin a candy

Fruit Cums
Quoted @siscopolaris.bsky.social: Change one letter, ruin a candy

Double Dicker

I know I did one but then I thought of this and I'm not not gonna post it"
https://bsky.app/profile/charltonlack.bsky.social/post/3m4g6mbev222s,All this worrying about the divide between Trump officials and the public (and false equivalence between acts of political violence) without getting at the central point: that these guys are a uniformly bunch of pussies,"Author: @charltonlack.bsky.social
Post: All this worrying about the divide between Trump officials and the public (and false equivalence between acts of political violence) without getting at the central point: that these guys are a uniformly bunch of pussies
Quoted @adriennelaf.bsky.social: And actually astonishing when you think about it: The Trump administration's top officials are choosing to separate themselves from the public—more to the point: separate themselves from any visible protest—and live on military bases. 

Gift link here: www.theatlantic.com/politics/arc..."
https://bsky.app/profile/chloevz.bsky.social/post/3m4feflwi7k2r,What if Elon is actually trans and his dick is just a test tube full of ketamine setup like an strapon,"Author: @chloevz.bsky.social
Post: What if Elon is actually trans and his dick is just a test tube full of ketamine setup like an strapon"
https://bsky.app/profile/annmarr.bsky.social/post/3m33n7wguis2r,Lying Fukker!,"Author: @annmarr.bsky.social
Post: Lying Fukker!
Quoted @atrupar.com: REPORTER: We know the president moved forward with mass layoffs. We're also learning there were significant cuts to staff at special education services. Are you comfortable with those cuts?

MIKE JOHNSON: I haven't seen the specifics of that and I don't know"
https://bsky.app/profile/bellboy905.bsky.social/post/3m423gg3ksc2s,"President Trump’s AI-generated, coprophilia-inspired hate porn is less alarming than Biden’s gaffes, per @washingtonpost.com editors.","Author: @bellboy905.bsky.social
Post: President Trump’s AI-generated, coprophilia-inspired hate porn is less alarming than Biden’s gaffes, per @washingtonpost.com editors.
Reply to @washingtonpost.com: President Trump’s new White House ballroom project began Monday, demolishing the East Wing in four days.

The ballroom will almost double the size of the White House and was initially estimated to cost $200 million, but now exceeds $300 million.
Mentions: washingtonpost.com"
https://bsky.app/profile/cinnabunniie.bsky.social/post/3m3dner73b22d,"Mother or Father, what’s an Alaskan pipeline? 🤔","Author: @cinnabunniie.bsky.social
Post: Mother or Father, what’s an Alaskan pipeline? 🤔
Reply to @vashksoffice.bsky.social: Your objective today

Lie and say you don’t know what a certain sex position is to make your friends or family uncomfortable as they explain it to you, in excruciating detail if so requested"
https://bsky.app/profile/calko.bsky.social/post/3m2n7bepjzs2k,Je suis de plus en plus intéressé par la pratique du #fistfucking. 😍,"Author: @calko.bsky.social
Post: Je suis de plus en plus intéressé par la pratique du #fistfucking. 😍
Tags: fistfucking"
https://bsky.app/profile/dlbidad.bsky.social/post/3m4gp4g4w6k2y,"hypnotized by dong and masturbation
hungry for dick and cum","Author: @dlbidad.bsky.social
Post: hypnotized by dong and masturbation
hungry for dick and cum
Quoted @yhanky.bsky.social: 👀🔥"
https://bsky.app/profile/wife-devotion.bsky.social/post/3m4glpte2ck2w,Panties are a must when wearing a chastity cage.,"Author: @wife-devotion.bsky.social
Post: Panties are a must when wearing a chastity cage.
Reply to @subcuck19014.bsky.social: New panties from Victoria Secrets just showed up. 

They were 5/$30, so i got 5 for work (black) and 10 for ‘play’…."
https://bsky.app/profile/hyarner.bsky.social/post/3m4ecmyinds2y,"Yeh, great idea. 

So I have to drive an unsafe, fibreglass car that is so lightweight, you can literally push it over. In a fetching duck egg blue that instantly draws the eye so everyone can see ""oh, here comes the crip"". 

Get in the f***ING bin you absolute tosser.","Author: @hyarner.bsky.social
Post: Yeh, great idea. 

So I have to drive an unsafe, fibreglass car that is so lightweight, you can literally push it over. In a fetching duck egg blue that instantly draws the eye so everyone can see ""oh, here comes the crip"". 

Get in the f***ING bin you absolute tosser.
Quoted @drrachelclarke.com: Just disgusting from 3p Lee - who wants to stigmatise, shame and risk the lives of people with disabilities. Truly gutter politics."
https://bsky.app/profile/theepinklady.bsky.social/post/3lqzml3id322p,"Yup!!!! 
If youre white and you shited on these services or voted for trump without knowing or caring what the blueprint was and who was getting affected by it, or realizing they would be affected as well, fuck yall. Yall deserve all the ire and effects yall thought would pass yall.","Author: @theepinklady.bsky.social
Post: Yup!!!! 
If youre white and you shited on these services or voted for trump without knowing or caring what the blueprint was and who was getting affected by it, or realizing they would be affected as well, fuck yall. Yall deserve all the ire and effects yall thought would pass yall.
Quoted @aarum.bsky.social: White people crack me up in these comments what difference does that make. Yeah y’all for sure didn’t care these last 400yrs when we were being treated any ol kind of way. But when it’s y’all’s turn it’s let’s teach each other bla bla bla… 

Let me say again IF YOU VOTED FOR HIM DIE SLOW & BROKE"
https://bsky.app/profile/langdongrant.bsky.social/post/3m4gaey3tkc2m,"*China* wasn't the one using our farmers as pawns.  China was just reacting to market conditions created by Trump and doing what any sane buyer would do -- look for a better deal elsewhere.  That's like saying I'm using Target as a ""pawn"" when I buy my shampoo at Walmart because it's cheaper there.","Author: @langdongrant.bsky.social
Post: *China* wasn't the one using our farmers as pawns.  China was just reacting to market conditions created by Trump and doing what any sane buyer would do -- look for a better deal elsewhere.  That's like saying I'm using Target as a ""pawn"" when I buy my shampoo at Walmart because it's cheaper there.
Reply to @ronfilipkowski.bsky.social: China bought 27 million metric tons of soybeans from US farmers in 2024. But somehow this “deal” to buy significantly less is a huge victory."
https://bsky.app/profile/mjshanklin.bsky.social/post/3m3xehohgdk24,"Is this the exact moment that he ejaculated?? Great capture, says it all.","Author: @mjshanklin.bsky.social
Post: Is this the exact moment that he ejaculated?? Great capture, says it all.
Reply to @iwillnotbesilenced.bsky.social: In Oakland, California, an ICE GOON shot a local clergyman point-blank."
https://bsky.app/profile/minty-hippo.bsky.social/post/3m4gpsiopu227,"Damn, I've followed him for a while but never realized how weird he was. I guess it's probably because he mostly kept it to his replies rather than his main TL","Author: @minty-hippo.bsky.social
Post: Damn, I've followed him for a while but never realized how weird he was. I guess it's probably because he mostly kept it to his replies rather than his main TL
Reply to @regretagarbo.rip: anyway,, i think we should all stop tolerating this guy just being muted and still showing up in the replies of every fucking post and drive him into the empty, voiceless room he belongs in"
https://bsky.app/profile/bitofbluesky.bsky.social/post/3lg4crgmxb226,#facefuck #facesitting #facesit #riding #faceride #grinding #facegrind #lesbianism #lesbian #straddle #porn #adult #18+ #xxx #oral #ontop #pussy #cunt #pussylick #cuntlick #vagina #vaginalick,"Author: @bitofbluesky.bsky.social
Post: #facefuck #facesitting #facesit #riding #faceride #grinding #facegrind #lesbianism #lesbian #straddle #porn #adult #18+ #xxx #oral #ontop #pussy #cunt #pussylick #cuntlick #vagina #vaginalick
Quoted @billyguitar77.bsky.social: ~🎸
Tags: facefuck;facesitting;facesit;riding;faceride;grinding;facegrind;lesbianism;lesbian;straddle;porn;adult;18+;xxx;oral;ontop;pussy;cunt;pussylick;cuntlick;vagina;vaginalick"
https://bsky.app/profile/juss1.bsky.social/post/3m2veg3kjtk2q,"Kun syö lehmäpapuja kerran kahteen viikkoon neljän kuukauden ajan, pl. viiden viikon kesäloma, yksi iso pussi riittää kahdelle miehelle siksi aikaa. Keitän meinaan taas papuja. Sama pätee isoon pussiin linssejä.","Author: @juss1.bsky.social
Post: Kun syö lehmäpapuja kerran kahteen viikkoon neljän kuukauden ajan, pl. viiden viikon kesäloma, yksi iso pussi riittää kahdelle miehelle siksi aikaa. Keitän meinaan taas papuja. Sama pätee isoon pussiin linssejä.
Quoted @juss1.bsky.social: Pavunkeittopäivä. Hernari tietysti, kun on torstai ja yön yli liotettuja, tunti keitettyjä lehmäpapuja. Ajattelen 1/2 litran papupussia jauhelihapakettina. Niitä tulee seitsemän parin kolmen euron papupussista. Eikä tartu suonten seiniin."
https://bsky.app/profile/jakeekiss.bsky.social/post/3m4gq5qa3q22n,"1000% this. It's a grift. It's always, ultimately, a grift. They *know* it sucks. That's the point. It's shitty, but *cheaper* to let it do 25% of the work and then pay a worker less than half of what they would be paid (and no benefits) to contract in and clean up it's mistakes.","Author: @jakeekiss.bsky.social
Post: 1000% this. It's a grift. It's always, ultimately, a grift. They *know* it sucks. That's the point. It's shitty, but *cheaper* to let it do 25% of the work and then pay a worker less than half of what they would be paid (and no benefits) to contract in and clean up it's mistakes.
Quoted @chuckwendig.bsky.social: I've said this about writing and art -- the goal was not to replace writers and artists with AI, the result was either:

a) *threaten* to replace them with AI, and use that as leverage to be able to pay them less

b) replace them unsuccessfully and pay them less to fix the shit the AI barfed out"
https://bsky.app/profile/too-young.bsky.social/post/3m4gpt6qooc2e,"Wow, nothing like screwing people while they’re down","Author: @too-young.bsky.social
Post: Wow, nothing like screwing people while they’re down
Reply to @oneveteransoath.bsky.social: TFG signed the backpay bill in 2019. He had no intention of honoring it beyond that date.

apnews.com/article/trum..."
https://bsky.app/profile/alsvid.bsky.social/post/3lmmrtuhphc2c,"instructions unclear, fistfucked a republican","Author: @alsvid.bsky.social
Post: instructions unclear, fistfucked a republican
Quoted @imonlyposting.bsky.social: if I am understanding this right they ""killed"" it in a way that's less certain but more palatable to their trans hating members. you don't get to do that then claim to be a national leader! fuck your fist and your flag"
https://bsky.app/profile/jimroch.bsky.social/post/3m4gd6xrvck2p,Chicken shit mother fucking pot stering America hating racist bigoted republiCONS afraid... they fucking should be this is the violence they gave been staking for a fucking decade,"Author: @jimroch.bsky.social
Post: Chicken shit mother fucking pot stering America hating racist bigoted republiCONS afraid... they fucking should be this is the violence they gave been staking for a fucking decade
Quoted @dbnewtondoors.bsky.social: www.theatlantic.com/politics/arc...

This cuts against the Constitution and the First Amendment.  They have their knees on our necks, forcing the life from us - yet they get to hide while doing so.  Security!  How about you get off my neck and we talk about your unconstitutional actions?"
https://bsky.app/profile/tyzefs.bzh/post/3m4dyaz5gsc2q,"Pour #HACSB29, Brendan Chardonnet va jouer son 176e match de L1 pour le #SB29, et Hugo Magnetti son 155e

🥇 J. Bosser (180)
🥈 B. Chardonnet (176) 📍
🥉 M. Bouquet (171)
4️⃣ R. Honorine (159)
5️⃣ H. Magnetti (155) 📍
6️⃣ P. Chaslerie (149)
7️⃣ Y. Pouliquen (147)
8️⃣ B. Pardo (142)
9️⃣ M. Bizot (139)
🔟 J. Rico (138)","Author: @tyzefs.bzh
Post: Pour #HACSB29, Brendan Chardonnet va jouer son 176e match de L1 pour le #SB29, et Hugo Magnetti son 155e

🥇 J. Bosser (180)
🥈 B. Chardonnet (176) 📍
🥉 M. Bouquet (171)
4️⃣ R. Honorine (159)
5️⃣ H. Magnetti (155) 📍
6️⃣ P. Chaslerie (149)
7️⃣ Y. Pouliquen (147)
8️⃣ B. Pardo (142)
9️⃣ M. Bizot (139)
🔟 J. Rico (138)
Tags: HACSB29;SB29"
https://bsky.app/profile/melos.bsky.social/post/3m4fggoljss2l,"You know like how the fascists and fascist apologizes (so also fascists) are aggressively fighting to censor all of us heavily (like you know how apparently cat girls are beastiality according to visa)

Granted this same person is a porn artist who believes porn addiction is real and bad sooo...","Author: @melos.bsky.social
Post: You know like how the fascists and fascist apologizes (so also fascists) are aggressively fighting to censor all of us heavily (like you know how apparently cat girls are beastiality according to visa)

Granted this same person is a porn artist who believes porn addiction is real and bad sooo...
Reply to @melos.bsky.social: You know, I often think about that one exfriend of mine who flipped their fucking shit and ended our friendship over the fact that couple years ago I liked a post comparing furries that wanted to heavily censor certain porn were basically fascist allies and wonder how they feel about recent events"
https://bsky.app/profile/cdnhelp.bsky.social/post/3m4gpyn76d22o,So now that the US Senate has overturned all this tariff BS and TACO man has the world all fucked up what is our Canadian media going to be screaming about next? Or are we just going to have CRICKETS? Wonder if they are going to report on all the damage TACO man has done? Or just CRICKETS?,"Author: @cdnhelp.bsky.social
Post: So now that the US Senate has overturned all this tariff BS and TACO man has the world all fucked up what is our Canadian media going to be screaming about next? Or are we just going to have CRICKETS? Wonder if they are going to report on all the damage TACO man has done? Or just CRICKETS?"
https://bsky.app/profile/christianaaaaa.bsky.social/post/3lu5vppxyl22h,"I’m looking for mothafucking thots like a idea, imma put this shit together like I’m working at ikea","Author: @christianaaaaa.bsky.social
Post: I’m looking for mothafucking thots like a idea, imma put this shit together like I’m working at ikea"
https://bsky.app/profile/nolonine.bsky.social/post/3m4byqjrqas2j,Not as bitchin as you!!! :3,"Author: @nolonine.bsky.social
Post: Not as bitchin as you!!! :3
Reply to @merlinshmerlin.bsky.social: BITCHIN'"
https://bsky.app/profile/caffeineandhate.bsky.social/post/3m4gohdbcmc2k,"He’s not just Teamster president, he’s President of the Dick-sucking Union as well. #Assclown","Author: @caffeineandhate.bsky.social
Post: He’s not just Teamster president, he’s President of the Dick-sucking Union as well. #Assclown
Quoted @atrupar.com: Teamster President Sean O'Brien was at the White House today to push Republican talking points on camera during a photo op with Vance
Tags: Assclown"
https://bsky.app/profile/rodmuscle.bsky.social/post/3m4drw3ensc2j,"Day off are made to stroke myself 🥵🔥🍆

#bate #batebros #bator #jerkingoff #masterbate #bush #horny #pierced #piercednipple #bbc #boner #cock #curvedcock #hardcock #hung #stroke #strocking

@gaysfrombelgium.bsky.social  @purelygayporn.bsky.social @lesbranleurs.bsky.social","Author: @rodmuscle.bsky.social
Post: Day off are made to stroke myself 🥵🔥🍆

#bate #batebros #bator #jerkingoff #masterbate #bush #horny #pierced #piercednipple #bbc #boner #cock #curvedcock #hardcock #hung #stroke #strocking

@gaysfrombelgium.bsky.social  @purelygayporn.bsky.social @lesbranleurs.bsky.social
Mentions: gaysfrombelgium.bsky.social;purelygayporn.bsky.social;lesbranleurs.bsky.social
Tags: bate;batebros;bator;jerkingoff;masterbate;bush;horny;pierced;piercednipple;bbc;boner;cock;curvedcock;hardcock;hung;stroke;strocking"
https://bsky.app/profile/justsecurity.org/post/3m3zd4ngy3s2f,"(3/4) With thanks to our authors this week: 

Alesia Sedziaka
Amal Clooney 
@ambdanfried.bsky.social 
Amity Boye
Amy Cooter
@bcfinucane.bsky.social 
@becingber.bsky.social 
Benjamin R. Farley
Brenner M. Fissell
Chris Rogers
Claire O. Finkelstein
Clara Apt
@eliavl.bsky.social 
Harriet Moynihan","Author: @justsecurity.org
Post: (3/4) With thanks to our authors this week: 

Alesia Sedziaka
Amal Clooney 
@ambdanfried.bsky.social 
Amity Boye
Amy Cooter
@bcfinucane.bsky.social 
@becingber.bsky.social 
Benjamin R. Farley
Brenner M. Fissell
Chris Rogers
Claire O. Finkelstein
Clara Apt
@eliavl.bsky.social 
Harriet Moynihan
Reply to @justsecurity.org: (2/4) Catch up on our recent analysis:

• Trump executive actions 
• Supreme Court / U.S. military 
• Series: When Guardrails Erode 
• Cyber 
• Violent extremism 
• Civilian harm
• Civil society 

www.justsecurity.org/122887/diges...
Mentions: ambdanfried.bsky.social;bcfinucane.bsky.social;becingber.bsky.social;eliavl.bsky.social"
https://bsky.app/profile/ematt622.bsky.social/post/3m4dtebdmbk2n,Are you telling me Zohran *isn't* lusting after Ms Piggy?,"Author: @ematt622.bsky.social
Post: Are you telling me Zohran *isn't* lusting after Ms Piggy?
Reply to @kermitment.com"
https://bsky.app/profile/the-cigar-girl.blacksky.app/post/3m4btu5ryec2b,"As fcuk!

Run me that canned jellied cranberry sauce!!!!!!!","Author: @the-cigar-girl.blacksky.app
Post: As fcuk!

Run me that canned jellied cranberry sauce!!!!!!!
Quoted @neau.blacksky.app: Cranberry sauce is divine especially if you make it from scratch. Y’all have childish ass tastebuds"
https://bsky.app/profile/ladykenoh.bsky.social/post/3luw6hmikek2e,"Did I do this yet? I dunno, anyways Stella's a lesbian. She is totally a lesbian, she's only willing to marry men because it gives her status and power. Gold digger in the streets carpet muncher in the sheets.","Author: @ladykenoh.bsky.social
Post: Did I do this yet? I dunno, anyways Stella's a lesbian. She is totally a lesbian, she's only willing to marry men because it gives her status and power. Gold digger in the streets carpet muncher in the sheets.
Quoted @hellaversing.bsky.social: Headcanons you have that (you think) arent fandom wide GO! 🫵🫵🫵"
https://bsky.app/profile/qitqat-bd.bsky.social/post/3m4fwfkubnk2g,"@kevinmkruse.bsky.social dry fuck you with the horse you rode in on.
You have no right to call those of us who refused to vote for kkkopmala especially after she and the god damned dnccorporatewhores CHEATED US TWICE of our choice and she told us to fuck off in 2024.
Want our vote...EARN IT ASS HOLE","Author: @qitqat-bd.bsky.social
Post: @kevinmkruse.bsky.social dry fuck you with the horse you rode in on.
You have no right to call those of us who refused to vote for kkkopmala especially after she and the god damned dnccorporatewhores CHEATED US TWICE of our choice and she told us to fuck off in 2024.
Want our vote...EARN IT ASS HOLE
Mentions: kevinmkruse.bsky.social"
https://bsky.app/profile/akashdom.bsky.social/post/3m4fn36yh3s2a,"Defying gravity with @moirdiv.bsky.social & @akashdom.bsky.social 

At @bdsm-studio-lux.de in Berlin.

Shibari | Upside Down | Ritual","Author: @akashdom.bsky.social
Post: Defying gravity with @moirdiv.bsky.social & @akashdom.bsky.social 

At @bdsm-studio-lux.de in Berlin.

Shibari | Upside Down | Ritual
Mentions: moirdiv.bsky.social;akashdom.bsky.social;bdsm-studio-lux.de"
https://bsky.app/profile/southaustinhippy.bsky.social/post/3lzrwmqtxdc2k,"Oil companies get paid for not finding oil. A lot. In fact, a whole fucking shitpot of money.","Author: @southaustinhippy.bsky.social
Post: Oil companies get paid for not finding oil. A lot. In fact, a whole fucking shitpot of money.
Quoted @blueaxeman.bsky.social: 90% of them voted for Shitler! Not one penny for them! They can go get a fucking job!"
https://bsky.app/profile/jonathanlhoward.bsky.social/post/3m4gp6t3dzs2j,"Hard to overstate how badly Andrew Windsor esq. has fucked up. This fellow was far and away the most popular member of the royal family other than QE2 and the Queen Mum in the early '80s by dint of actual war heroism. All he had to do to maintain that was not to be a creepy twat.

Oops.","Author: @jonathanlhoward.bsky.social
Post: Hard to overstate how badly Andrew Windsor esq. has fucked up. This fellow was far and away the most popular member of the royal family other than QE2 and the Queen Mum in the early '80s by dint of actual war heroism. All he had to do to maintain that was not to be a creepy twat.

Oops.
Quoted @alistaircoleman.bsky.social: Crikey."
https://bsky.app/profile/gunbreaker.etheirys.social/post/3m4gbxlorhk2q,"so my cousin told my sister why shes so concerned with my deep voice: she has a coworker who has the same thing happen, except shes not on T she went to the doctor and apparently theres a strange bump in her throat thats why my cousin was so freaked out by my voice 😭😭 i am just transgender!! its Ok","Author: @gunbreaker.etheirys.social
Post: so my cousin told my sister why shes so concerned with my deep voice: she has a coworker who has the same thing happen, except shes not on T she went to the doctor and apparently theres a strange bump in her throat thats why my cousin was so freaked out by my voice 😭😭 i am just transgender!! its Ok
Quoted @gunbreaker.etheirys.social: am at cousins rn for her kids birthday and my other cousin is so alarmed by my voice she told me to go see a doctor 😭😭😭😭😭😭 AAAAHHHH"
https://bsky.app/profile/bahmanjazooyeh.bsky.social/post/3m4gmzfvwik2s,He Has A Shit Brain .,"Author: @bahmanjazooyeh.bsky.social
Post: He Has A Shit Brain .
Quoted @erictopol.bsky.social: On the nominee...""as they seek to dismantle the system that awarded them"" www.nytimes.com/2025/10/30/o..."
https://bsky.app/profile/thestackscat.bsky.social/post/3m4bqjvb6o22k,We are f u c k e d,"Author: @thestackscat.bsky.social
Post: We are f u c k e d
Quoted @grist.org: Mosquitoes found in Iceland for first time as climate crisis warms country.

Three specimens were discovered in what was previously one of the few places in the world without the insects.

grist.org/science/mosq...

#Iceland #Mosquitoes #Climate #Reykjavík #Science"
https://bsky.app/profile/ghwubs.bsky.social/post/3m4gl6smjpk2e,"Lulu to Tracey: ROCCO HAD DINNER WITH THE OBRECTS!
Now she's bitching about Rocco lying #GH","Author: @ghwubs.bsky.social
Post: Lulu to Tracey: ROCCO HAD DINNER WITH THE OBRECTS!
Now she's bitching about Rocco lying #GH
Tags: GH"
https://bsky.app/profile/veneran.bsky.social/post/3m4geapshrs2e,"Titty Tuesday?

Why not Titty Thursday as well?!","Author: @veneran.bsky.social
Post: Titty Tuesday?

Why not Titty Thursday as well?!
Quoted @mavismousey.bsky.social: I heard it's Titty Tuesday~ 💜💜

#fishnets #succubus #tattoo #raven #cosplay"
https://bsky.app/profile/jerseygoose.bsky.social/post/3m4g3ntgjhc2j,"It’s almost the end of #Locktober, so to celebrate, here’s a little clip from the other day, when @kinkbound.bsky.social strapped Me into the #Segufix and teased a load out of Me through the #chastitycage with the vibrator. 🥵

#gaybdsm #gaybondage #bondage #cumshot #gaychastity #teamlocked","Author: @jerseygoose.bsky.social
Post: It’s almost the end of #Locktober, so to celebrate, here’s a little clip from the other day, when @kinkbound.bsky.social strapped Me into the #Segufix and teased a load out of Me through the #chastitycage with the vibrator. 🥵

#gaybdsm #gaybondage #bondage #cumshot #gaychastity #teamlocked
Mentions: kinkbound.bsky.social
Tags: Locktober;Segufix;chastitycage;gaybdsm;gaybondage;bondage;cumshot;gaychastity;teamlocked"
https://bsky.app/profile/thewiz1.bsky.social/post/3m4a2zek46s24,"I’ll say this till the cows come home. All treasonous maga cuckedservatives are pedos, racist, fascist, bestiality abusers, and cucked out gay closeted cunts. All of them.","Author: @thewiz1.bsky.social
Post: I’ll say this till the cows come home. All treasonous maga cuckedservatives are pedos, racist, fascist, bestiality abusers, and cucked out gay closeted cunts. All of them.
Reply to @indodragon.bsky.social"
https://bsky.app/profile/commonsensegoodgov.bsky.social/post/3m4ecvl7sq22s,Lumbering ass mother fucker,"Author: @commonsensegoodgov.bsky.social
Post: Lumbering ass mother fucker
Quoted @onestpress.onestnetwork.com: Goodness gracious - part 2"
https://bsky.app/profile/freekjanssen.bsky.social/post/3m472sifqms23,"Beetje gek misschien, maar er is één act die me heel erg is bijgebleven uit die gekke happy hardcore-periode: Pin-Occhio. Obscure Italiaanse shit. Ik schreef al eens over Tuta Tuta Tutata, vandaag over hun eerste hit Pinocchio. Ook onweerstaanbaar.","Author: @freekjanssen.bsky.social
Post: Beetje gek misschien, maar er is één act die me heel erg is bijgebleven uit die gekke happy hardcore-periode: Pin-Occhio. Obscure Italiaanse shit. Ik schreef al eens over Tuta Tuta Tutata, vandaag over hun eerste hit Pinocchio. Ook onweerstaanbaar.
Quoted @ongewrdliedjes.bsky.social: Niet alle gabbers waren blij met Happy Hardcore, hardcore met dezelfde stevige beats, maar melodieuzer van aard en met meer vocalen.
Toch is het voor velen hét genre van de jaren '90. Dit zijn daarvan de meest ondergewaardeerde liedjes uit die tijd.
ondergewaardeerdeliedjes.nl/2025/10/27/h..."
https://bsky.app/profile/americanleshy.bsky.social/post/3m4gotbslcs2g,We need to think of other methods besides just the courts to stop this crap.,"Author: @americanleshy.bsky.social
Post: We need to think of other methods besides just the courts to stop this crap.
Quoted @nitenurse58.bsky.social: Whatever injunction is in place isn't working. I'm in Chicago and yesterday I witnessed ICE brownshirts trying to conduct another kidnapping in the middle of the intersection of Roosevelt Rd and Ashland. I was driving in the opposite direction but there were about 4 vehicles that I could see"
https://bsky.app/profile/lostanachronism.bsky.social/post/3m4gp5zompz2a,i  sold  my  soul  just  to  hide  the  light.  and  now  i  see  what  i  really  am  ﹔  a  thiefˎ  a  whoreˎ  and  a  liar  .ᐟ,"Author: @lostanachronism.bsky.social
Post: i  sold  my  soul  just  to  hide  the  light.  and  now  i  see  what  i  really  am  ﹔  a  thiefˎ  a  whoreˎ  and  a  liar  .ᐟ"
https://bsky.app/profile/adamleonhardt.bsky.social/post/3m4gcbqyev22z,"Hey Dickbag, maybe we don't need to encourage dictatorship?","Author: @adamleonhardt.bsky.social
Post: Hey Dickbag, maybe we don't need to encourage dictatorship?
Quoted @economist.com: There is a legal case for a third term—but it is strewn with obstacles"
https://bsky.app/profile/coachbpp.bsky.social/post/3m4eqjcmxhk24,"Well, if it makes the orange shitstain feel any better, he was better at that them most other things he does.","Author: @coachbpp.bsky.social
Post: Well, if it makes the orange shitstain feel any better, he was better at that them most other things he does.
Reply to @patrick6669.bsky.social: Heh..."
https://bsky.app/profile/coreydanks.bsky.social/post/3m46qmkdlxc22,"Finally! A shoe that says ""WHERE MY MUTHA FUCKIN' WHITE BOYS AT!?!""","Author: @coreydanks.bsky.social
Post: Finally! A shoe that says ""WHERE MY MUTHA FUCKIN' WHITE BOYS AT!?!""
Quoted @stereogum.com: Vans unveils American Football sneakers at American Football house"
https://bsky.app/profile/therealkeninmn.bsky.social/post/3m4gpbwvors2h,"Mike Johnson obviously believes that, ""But Jesus said, Suffer little children, and forbid them not, to come unto me: for of such is the kingdom of heaven,"" means that he is commanded by his Lord, God, and Savior to make children suffer.  He's a very pious man, that Mike Johnson...","Author: @therealkeninmn.bsky.social
Post: Mike Johnson obviously believes that, ""But Jesus said, Suffer little children, and forbid them not, to come unto me: for of such is the kingdom of heaven,"" means that he is commanded by his Lord, God, and Savior to make children suffer.  He's a very pious man, that Mike Johnson...
Reply to @murray.senate.gov: Speaker Johnson admits Trump & Republicans are forcing millions of kids to go hungry for political leverage. He says funding SNAP would ""reduce the pressure"" on Democrats. Disgusting."
https://bsky.app/profile/almasuono.bsky.social/post/3lv4vtd6kus2p,Because she mixed with a fat ass thats IT! Azalea Banks thinks shes mixed and light skinned thats why she be shocked that people treat her ass the way they do when she get ta talkin that Jiggerboo Bafoonery,"Author: @almasuono.bsky.social
Post: Because she mixed with a fat ass thats IT! Azalea Banks thinks shes mixed and light skinned thats why she be shocked that people treat her ass the way they do when she get ta talkin that Jiggerboo Bafoonery
Quoted @thatonegirlkendra.blacksky.app: But I agree, she just breezes past all the wild shit she be saying and doing"
https://bsky.app/profile/dontdisssixtypence.bsky.social/post/3lz27wqqruc2f,"I WORK FOR NO MAN THAT LOOKS LIKE A FUCKING OBLONG MONOBROWED HIGH WIDOW'S PEAK TWATHEAD GO EAT SHIT IN HELL FOREVER YOU TURNING POINT USA FUCK
TURN THE POINT ON YOURSELF IF YOU THINK THAT HE WASN'T ANYTHING BUT A FASCIST DOG","Author: @dontdisssixtypence.bsky.social
Post: I WORK FOR NO MAN THAT LOOKS LIKE A FUCKING OBLONG MONOBROWED HIGH WIDOW'S PEAK TWATHEAD GO EAT SHIT IN HELL FOREVER YOU TURNING POINT USA FUCK
TURN THE POINT ON YOURSELF IF YOU THINK THAT HE WASN'T ANYTHING BUT A FASCIST DOG
Quoted @theonion.com: Report: You To Be Fired For Reading This Headline About Charlie Kirk"
https://bsky.app/profile/harajukustudio.bsky.social/post/3m4g2j2f6gs2h,Please follow me 😊❤️ #nude #nudity #nudeart #porn #teen #shaved #pussy #onlyfans #fansly #18+ #boobs #tits #girl #nakedgirl #lesbi #lesbian #erotic #erotism #cute #pics #photos #sex #sexy #virgin #shy #beauty #smallboobs #anal #slut #porno #single #fucked #gay #lgbt #picoftheday #nsfw #adult,"Author: @harajukustudio.bsky.social
Post: Please follow me 😊❤️ #nude #nudity #nudeart #porn #teen #shaved #pussy #onlyfans #fansly #18+ #boobs #tits #girl #nakedgirl #lesbi #lesbian #erotic #erotism #cute #pics #photos #sex #sexy #virgin #shy #beauty #smallboobs #anal #slut #porno #single #fucked #gay #lgbt #picoftheday #nsfw #adult
Quoted @babes2025.bsky.social: #nude
Tags: nude;nudity;nudeart;porn;teen;shaved;pussy;onlyfans;fansly;18+;boobs;tits;girl;nakedgirl;lesbi;lesbian;erotic;erotism;cute;pics;photos;sex;sexy;virgin;shy;beauty;smallboobs;anal;slut;porno;single;fucked;gay;lgbt;picoftheday;nsfw;adult"
https://bsky.app/profile/myselfnzyme.bsky.social/post/3m3y4tt32yc2e,"I'm going through a hard break-up and drinking lonely whisk, listening to The Streets- Dry your eyes, scrolling through socials then...

...randomly come across this nonsense (heard it loads as a kid love The Streets) and why am I fucking smiling...I'm meant to be crying! Still! S.O.B","Author: @myselfnzyme.bsky.social
Post: I'm going through a hard break-up and drinking lonely whisk, listening to The Streets- Dry your eyes, scrolling through socials then...

...randomly come across this nonsense (heard it loads as a kid love The Streets) and why am I fucking smiling...I'm meant to be crying! Still! S.O.B
Quoted @dicksbyrichard.bsky.social: Frankenpeen!

Day 23 of #cocktober"
https://bsky.app/profile/salontrek.com/post/3m4gpj2ucjc2b,I'm not as dumb as I am,"Author: @salontrek.com
Post: I'm not as dumb as I am
Reply to @benjennium.net: We don't keep Stan around because he's smart"
https://bsky.app/profile/collyc.bsky.social/post/3m4dpenvyk22l,"""Such a whiny little bitch. I mean, is that not Farage in a nutshell?

Manufacturing grievance, playing victim, and dodging the actual job. 

…and anyway, I thought the bellend was staunchly anti-strikes?""

A great read","Author: @collyc.bsky.social
Post: ""Such a whiny little bitch. I mean, is that not Farage in a nutshell?

Manufacturing grievance, playing victim, and dodging the actual job. 

…and anyway, I thought the bellend was staunchly anti-strikes?""

A great read
Quoted @marina-purkiss.bsky.social: This might be controversial…

But given that the more Reform talks, the more the mask slips

I say…

Give them the limelight.

Read my new piece below…

open.substack.com/pub/marinapu..."
https://bsky.app/profile/petergermanyxxx.bsky.social/post/3m4g7xlncak2j,"🐷 wide-spread legs make you a slutty 🅱️itch🐷

@purelygayporn.bsky.social  @puphawaii.bsky.social  @xxxmenpt.bsky.social @dilf2050.bsky.social @porn-u-copia.bsky.social @themenofgp.bsky.social @slutty-oo7.bsky.social @hotguyzone.bsky.social @rawgayporn.bsky.social @meisenufff.bsky.social","Author: @petergermanyxxx.bsky.social
Post: 🐷 wide-spread legs make you a slutty 🅱️itch🐷

@purelygayporn.bsky.social  @puphawaii.bsky.social  @xxxmenpt.bsky.social @dilf2050.bsky.social @porn-u-copia.bsky.social @themenofgp.bsky.social @slutty-oo7.bsky.social @hotguyzone.bsky.social @rawgayporn.bsky.social @meisenufff.bsky.social
Mentions: purelygayporn.bsky.social;puphawaii.bsky.social;xxxmenpt.bsky.social;dilf2050.bsky.social;porn-u-copia.bsky.social;themenofgp.bsky.social;slutty-oo7.bsky.social;hotguyzone.bsky.social;rawgayporn.bsky.social;meisenufff.bsky.social"
https://bsky.app/profile/sparklerblue2.bsky.social/post/3m4gn65vcgc22,"They’ve always counted on   hopes that you’ll back off it as more speculation
- you know,” business as usual/conspiracies, etc.
& no one will ever believe it’s true. “🥴

They muddied the waters so bad they thought you wouldn’t know-but whooops, it appears not everyone is a stone cold sucker.","Author: @sparklerblue2.bsky.social
Post: They’ve always counted on   hopes that you’ll back off it as more speculation
- you know,” business as usual/conspiracies, etc.
& no one will ever believe it’s true. “🥴

They muddied the waters so bad they thought you wouldn’t know-but whooops, it appears not everyone is a stone cold sucker.
Quoted @thcarter123.bsky.social: Who runs trump’s DC? Right wing Opus Dei-Leonard Leo Catholics."
https://bsky.app/profile/lynnellem.bsky.social/post/3m4eb7eph3c2j,Fuckhead for Prison.,"Author: @lynnellem.bsky.social
Post: Fuckhead for Prison.
Quoted @bindiatthebeach.bsky.social: And here ya go. 

Bovino: it was taken out of context"
https://bsky.app/profile/bluesports81.bsky.social/post/3m22t4sj7is2b,Now that's an Alfa male maybe one day we all can be doosh bags like him. F*** yourself bro.,"Author: @bluesports81.bsky.social
Post: Now that's an Alfa male maybe one day we all can be doosh bags like him. F*** yourself bro.
Reply to @mickeykuhns.bsky.social: Just so we’re clear, this is the guy who’s talking about maintaining the “highest MALE physical standards in the armed forces.”"
https://bsky.app/profile/jcm0526.bsky.social/post/3lqxabsrqjs2a,"@claycane.bsky.social 
@officialtedwinn.bsky.social
Guys,
Karine Jean Pierre is selfish as hell. She just shited on Kamala and Biden for MONEY!","Author: @jcm0526.bsky.social
Post: @claycane.bsky.social 
@officialtedwinn.bsky.social
Guys,
Karine Jean Pierre is selfish as hell. She just shited on Kamala and Biden for MONEY!
Mentions: claycane.bsky.social;officialtedwinn.bsky.social"
https://bsky.app/profile/goblingirlzoe.bsky.social/post/3m4g6ho6imk2m,"I love watching bj vids. I'm way past the point of needing to take notes, but now I get to cheer on my sister sluts as they use their pretty mouths so fucking good on deserving cocks. Every cum shot I see makes me want to cheer the girl for a job well done!

And then I want to kiss her, of course 🤤","Author: @goblingirlzoe.bsky.social
Post: I love watching bj vids. I'm way past the point of needing to take notes, but now I get to cheer on my sister sluts as they use their pretty mouths so fucking good on deserving cocks. Every cum shot I see makes me want to cheer the girl for a job well done!

And then I want to kiss her, of course 🤤
Quoted @nicevibes4u.bsky.social: 😍Luna😍 #amazing #blowjob #stockings #lingerie #POV #porn #NSFW"
https://bsky.app/profile/pilleriin.bsky.social/post/3m4b36gt4lk2t,"Mehed, minge arstile!","Author: @pilleriin.bsky.social
Post: Mehed, minge arstile!
Quoted @50shadesofbouncer.bsky.social: ""Samuti rõhutas ta, et igal inimesel on lubatud olla oma puudustega ning me ei peaks ideaalset maailma taga ajama. ""Mina väga kardan seda hetke, kui me jõuame sinna, mida utoopiakirjanikud kirjeldavad ideaalse maailmana,"" tõdes koomik.""
eeter.err.ee/1609840035/a..."
https://bsky.app/profile/tottenhambhoy.bsky.social/post/3m3uy7hcn4s2r,TP for my bung **£*! … “Uh-huh-huh-huh… he said hole”,"Author: @tottenhambhoy.bsky.social
Post: TP for my bung **£*! … “Uh-huh-huh-huh… he said hole”
Reply to @funhouseradio.bsky.social: The future of arse wiping? Charming.
www.odditycentral.com/news/in-chin..."
https://bsky.app/profile/fascistfighter2025.bsky.social/post/3m4gfbioz7k2e,"@canadianpride.bsky.social 
Why has Hoekstra not been expelled from Canada yet.
He’s an embarrassment to many in the US as is the orange buffoon in the white house.
To this american Hoekstra doesnt even rise to the level of a piece of shit.","Author: @fascistfighter2025.bsky.social
Post: @canadianpride.bsky.social 
Why has Hoekstra not been expelled from Canada yet.
He’s an embarrassment to many in the US as is the orange buffoon in the white house.
To this american Hoekstra doesnt even rise to the level of a piece of shit.
Mentions: canadianpride.bsky.social"
https://bsky.app/profile/mrlint.bsky.social/post/3m4e4ev6szc2u,It's totally reasonable and acceptable to not want to live next door to racist fucktards,"Author: @mrlint.bsky.social
Post: It's totally reasonable and acceptable to not want to live next door to racist fucktards
Reply to @factpostnews.bsky.social: Vance says it is ""totally reasonable and acceptable"" for people to not want to live next door to people who speak a different language than they do
Quoted @factpostnews.bsky.social: Vance says it is ""totally reasonable and acceptable"" for people to not want to live next door to people who speak a different language than they do"
https://bsky.app/profile/mariothesuperduper.bsky.social/post/3lw5msxsrk22w,"CUM with us and watch our Cherry Poppin’ bedroom FUCK FEST! 😈
with @bkapol2.bsky.social  only on: 

onlyfans.com/u497501990

#mariothesuperduper

#gaysex #gayporn #gaycouple #gaycouolesex #fuckthatass #assfucker #fuckthathole #analsex #gayanalsex #cocksucker #eatass #eatmyass #gayassplay #assplay","Author: @mariothesuperduper.bsky.social
Post: CUM with us and watch our Cherry Poppin’ bedroom FUCK FEST! 😈
with @bkapol2.bsky.social  only on: 

onlyfans.com/u497501990

#mariothesuperduper

#gaysex #gayporn #gaycouple #gaycouolesex #fuckthatass #assfucker #fuckthathole #analsex #gayanalsex #cocksucker #eatass #eatmyass #gayassplay #assplay
Tags: mariothesuperduper;gaysex;gayporn;gaycouple;gaycouolesex;fuckthatass;assfucker;fuckthathole;analsex;gayanalsex;cocksucker;eatass;eatmyass;gayassplay;assplay"
https://bsky.app/profile/marysuesays.bsky.social/post/3m37je2tcqc24,.....Well shitfuck time to go dispose of some Huel.,"Author: @marysuesays.bsky.social
Post: .....Well shitfuck time to go dispose of some Huel.
Quoted @paris.nyc: two of the products we tested — Huel's Black Edition meal replacement powder and Naked Nutrition's vegan mass gainer — had enough lead that our experts caution against using them at all

a single serving of these protein powders contained between 1,200 and 1,600% of CR’s level of concern for lead"
https://bsky.app/profile/thebottle-bot.bsky.social/post/3m4filw4f4n2t,"Hej,
auch wenn es heute mit maximal 14.71°C in Mannheim nicht so warm wird: 
Trinken ist wichtig! Denk bitte dran, genug zu trinken.

@teufelsmiez.bsky.social
@shibari-girl.bsky.social
@zecyrea.bsky.social
@leonsub1.bsky.social
@einfachvi.bsky.social
#ReminderFromTheBottleBot","Author: @thebottle-bot.bsky.social
Post: Hej,
auch wenn es heute mit maximal 14.71°C in Mannheim nicht so warm wird: 
Trinken ist wichtig! Denk bitte dran, genug zu trinken.

@teufelsmiez.bsky.social
@shibari-girl.bsky.social
@zecyrea.bsky.social
@leonsub1.bsky.social
@einfachvi.bsky.social
#ReminderFromTheBottleBot
Mentions: teufelsmiez.bsky.social;shibari-girl.bsky.social;zecyrea.bsky.social;leonsub1.bsky.social;einfachvi.bsky.social
Tags: ReminderFromTheBottleBot"
https://bsky.app/profile/strawmanff.bsky.social/post/3m4gguhw3dc2y,"I've enjoy helping @ffguy88.bsky.social (@thatffcouple.bsky.social) grow his #rosebud. 🌹 Sometimes it needs to be fertilized. 💦

#cum #ff #fisting #ffplay #gayfist #hole #pussy #gaykink #gayporn #cumdump @bestcumdumps.bsky.social","Author: @strawmanff.bsky.social
Post: I've enjoy helping @ffguy88.bsky.social (@thatffcouple.bsky.social) grow his #rosebud. 🌹 Sometimes it needs to be fertilized. 💦

#cum #ff #fisting #ffplay #gayfist #hole #pussy #gaykink #gayporn #cumdump @bestcumdumps.bsky.social
Mentions: ffguy88.bsky.social;thatffcouple.bsky.social;bestcumdumps.bsky.social
Tags: rosebud;cum;ff;fisting;ffplay;gayfist;hole;pussy;gaykink;gayporn;cumdump"
https://bsky.app/profile/fkx-boomer.bsky.social/post/3m3yigvdusc2b,"I've been posting for 2 freaking months that stupid Narcissist s.o.b. is LUSTING for war.

L
U
S
T
I
N
G

He's probably building himself a BUNKER under that Ballroom","Author: @fkx-boomer.bsky.social
Post: I've been posting for 2 freaking months that stupid Narcissist s.o.b. is LUSTING for war.

L
U
S
T
I
N
G

He's probably building himself a BUNKER under that Ballroom
Quoted @pamkeithdc.bsky.social: The motherfucker is going to invade Venezuela and send our you d people to war."
https://bsky.app/profile/barkbite.bsky.social/post/3m2ze2yez3k25,made it to the peak with some sick ass mothafuckas,"Author: @barkbite.bsky.social
Post: made it to the peak with some sick ass mothafuckas
Quoted @avenginggalatea.bsky.social: 🔮 FUCK YEAH"
https://bsky.app/profile/bemonho.bsky.social/post/3m2rit6ndjc2y,Caralho finalmente um jogo para boiolas !!!!! Já deixei de wishlist,"Author: @bemonho.bsky.social
Post: Caralho finalmente um jogo para boiolas !!!!! Já deixei de wishlist
Quoted @tanatb.housefuckinggame.com: store.steampowered.com/app/2666920/...

wishlist if this is a game for you"
https://bsky.app/profile/ceedro.bsky.social/post/3m4fafqi6mc23,"I don’t eat enough ass. SMDH

My favorite sexual pastime, and I’m remiss. Probably why I’m famished 24/7.

🐼👅🍯","Author: @ceedro.bsky.social
Post: I don’t eat enough ass. SMDH

My favorite sexual pastime, and I’m remiss. Probably why I’m famished 24/7.

🐼👅🍯"
https://bsky.app/profile/aafkevanzwieten.bsky.social/post/3lykx7sah6n2o,"Kirk was a rightwing asshead. But even killing an asshead is against the law, If that is not clear you should not be permitted to get a gun to begin with  @barackobama.bsky.social  @gavinnewsom.bsky.social","Author: @aafkevanzwieten.bsky.social
Post: Kirk was a rightwing asshead. But even killing an asshead is against the law, If that is not clear you should not be permitted to get a gun to begin with  @barackobama.bsky.social  @gavinnewsom.bsky.social
Reply to @ezrakleinbot.bsky.social: Charlie Kirk Was Practicing Politics the Right Way
www.nytimes.com/2025/09/11/o...
Quoted @aafkevanzwieten.bsky.social: @gavinnewsom.bsky.social  @barackobama.bsky.social  I mean, the dutch have shootings. Don't get me wrong. But last five years I can count the school shootings on one hand. The US likes to talk the people scared. But what you gain is pple w/o medicare going mayhem on innocent victims.
Mentions: barackobama.bsky.social;gavinnewsom.bsky.social"
https://bsky.app/profile/lala1967.bsky.social/post/3m3augucr6c2b,"We got military folks out here KNOWING they're doing wrong to the 🇺🇸 citizens they are SWORN to protect...because in 2016 & 2024 the MAJORITY of voters choose sexism (YES MOTHAFUCKIN SEXISM🤬) over decency & democracy.   

Was it worth it?🥀🇺🇸💔","Author: @lala1967.bsky.social
Post: We got military folks out here KNOWING they're doing wrong to the 🇺🇸 citizens they are SWORN to protect...because in 2016 & 2024 the MAJORITY of voters choose sexism (YES MOTHAFUCKIN SEXISM🤬) over decency & democracy.   

Was it worth it?🥀🇺🇸💔
Quoted @iwillnotbesilenced.bsky.social: This is profound ✊🏿"
https://bsky.app/profile/moviemonkee.bsky.social/post/3lyvk2nb5hs2z,"LOL. You shitstains can’t even spell the simplest words. Just go back to jizzing yourself over your portrait of the addle-brained, pants-shitting old Nazi pedophile you worship, asslick.","Author: @moviemonkee.bsky.social
Post: LOL. You shitstains can’t even spell the simplest words. Just go back to jizzing yourself over your portrait of the addle-brained, pants-shitting old Nazi pedophile you worship, asslick."
https://bsky.app/profile/comabri.bsky.social/post/3m4gpz4b4722h,She is fucking lying 😡,"Author: @comabri.bsky.social
Post: She is fucking lying 😡
Quoted @wajali.bsky.social: Kristi Noem is lying."
https://bsky.app/profile/dangercupcake.bsky.social/post/3m4gljgm74s25,"To make up for the doctor experience, the universe gave me a waxer who is queer, polyam, socialist, and into tattoos, piercings, and bdsm. That was an incredibly relaxing and enjoyable hour. I feel a lot better.","Author: @dangercupcake.bsky.social
Post: To make up for the doctor experience, the universe gave me a waxer who is queer, polyam, socialist, and into tattoos, piercings, and bdsm. That was an incredibly relaxing and enjoyable hour. I feel a lot better."
https://bsky.app/profile/acroray.bsky.social/post/3lubrshbc5c2q,"Give me two hats: one to 5hit in, and one to cover it up with. And a t-shirt to wipe my ass.","Author: @acroray.bsky.social
Post: Give me two hats: one to 5hit in, and one to cover it up with. And a t-shirt to wipe my ass.
Reply to @youranoncentral.bsky.social: Former MAGA cultists mass burning their hats as they reject Donald Trump."
https://bsky.app/profile/shandoraexplorer.bsky.social/post/3m3iwfdymz226,"#NSFW #TavQOTD
#RolimOC definitely did. Courtesy of #Astarion.

But, as @ishi-amai.bsky.social already mentioned, her #Durge #Darius is more than capable of that too ;)

Snippets are from our co-writing WIP <3","Author: @shandoraexplorer.bsky.social
Post: #NSFW #TavQOTD
#RolimOC definitely did. Courtesy of #Astarion.

But, as @ishi-amai.bsky.social already mentioned, her #Durge #Darius is more than capable of that too ;)

Snippets are from our co-writing WIP <3
Mentions: ishi-amai.bsky.social
Tags: NSFW;TavQOTD;RolimOC;Astarion;Durge;Darius"
https://bsky.app/profile/jaymichaluk.bsky.social/post/3lisui2ddxc2c,Another assmuncher,"Author: @jaymichaluk.bsky.social
Post: Another assmuncher
Quoted @therealjackhopkins.bsky.social: This. Sorry. Ass.  Old. Republican. Fuck."
https://bsky.app/profile/goblingirlzoe.bsky.social/post/3m4ghg5occ22m,"Tomorrow is Friday, and Friday night is girls night, so these gorgeous sluts are getting me nice and sluiced in preparation","Author: @goblingirlzoe.bsky.social
Post: Tomorrow is Friday, and Friday night is girls night, so these gorgeous sluts are getting me nice and sluiced in preparation
Quoted @lesbianflame.bsky.social: Absolutely Amazing

#lesbians #hot #lesbiansex #nsfwbsky #lesbian"
https://bsky.app/profile/seanpetrizzi.bsky.social/post/3lzk25rrrkk27,"I vividly remember you around 10 years ago tweeting that Barstool was Deadspin but with booooooobs

And I’ve never seen a more accurate take","Author: @seanpetrizzi.bsky.social
Post: I vividly remember you around 10 years ago tweeting that Barstool was Deadspin but with booooooobs

And I’ve never seen a more accurate take
Reply to @jamescurle.bsky.social: Imagine hosting a show as a guy older than 22 years old in 2025 and calling it “the football G spot.”

Sex! Edgy!"
https://bsky.app/profile/cleverpudding.bsky.social/post/3m4gorg4r2k2p,"Goddamn I love this for you, go pick those apples looking cute as hell! 
Get a nice fat pumpkin while your eyes are POPPING with this beanie combo! 
Sip some cider! Eat a hot donut!","Author: @cleverpudding.bsky.social
Post: Goddamn I love this for you, go pick those apples looking cute as hell! 
Get a nice fat pumpkin while your eyes are POPPING with this beanie combo! 
Sip some cider! Eat a hot donut!
Reply to @nyappycallie.bsky.social: I feel cute today! Going to an apple orchard with a pumpkin patch!"
https://bsky.app/profile/rikardlinde.bsky.social/post/3m3imjdxhgc27,"Helt slut, och glad, efter eldning på landet. Kommer hem och tar en titt på demonstrationerna i USA 😮👏🏼👏🏼
bsky.app/profile/your...

bsky.app/profile/indi...

bsky.app/profile/indi...

bsky.app/profile/carl...

bsky.app/profile/mark...","Author: @rikardlinde.bsky.social
Post: Helt slut, och glad, efter eldning på landet. Kommer hem och tar en titt på demonstrationerna i USA 😮👏🏼👏🏼
bsky.app/profile/your...

bsky.app/profile/indi...

bsky.app/profile/indi...

bsky.app/profile/carl...

bsky.app/profile/mark...
Quoted @youranoncentral.bsky.social: The streets of New York are packed end to end, millions of people across every city are out calling for the fall of the regime.  #3E #EndImpunity #EndAutogenocide #EndOligarchy #NoKings"
https://bsky.app/profile/intersex-insights.bsky.social/post/3lyjmghsqyc23,"What could I have done to deserve right wingers demonizing us and dehumanizing us, and I am supposed to feel sad that the NAZI cuntrag reaped what he sowed? 

No. Fuck that guy. This smiting may have restored my belief in deity. We are seeing justice. Thank you God.

Nah I still dont believe in god,","Author: @intersex-insights.bsky.social
Post: What could I have done to deserve right wingers demonizing us and dehumanizing us, and I am supposed to feel sad that the NAZI cuntrag reaped what he sowed? 

No. Fuck that guy. This smiting may have restored my belief in deity. We are seeing justice. Thank you God.

Nah I still dont believe in god,
Reply to @intersex-insights.bsky.social: Fuck that guy; thst NAZI cunt advocated for the internment and possible extermination of trans and intersex Americans. He reaped what he showed, and it is biblical to praise a prosecutor's demise. After all, God's sovereign will and all. ¯\_(ツ)_/¯  

He has wished me dead and he doesnt even know me."
https://bsky.app/profile/carlnyberg312.bsky.social/post/3m4e6rbgw2k2q,H-U-M-A-N  T-R-A-F-F-I-C-K-I-N-G,"Author: @carlnyberg312.bsky.social
Post: H-U-M-A-N  T-R-A-F-F-I-C-K-I-N-G
Quoted @whodat35.bsky.social: Could ICE have ‘lost' 3,000 immigrant arrestees in Chicago?

NBC Chicago's investigative team reports at least 3,000 jailed immigrants have vanished from federal records, according to human rights attorneys and organizations. 

www.nbcchicago.com/investigatio..."
https://bsky.app/profile/mac-leon.bsky.social/post/3m3qkbjgj5c2c,*BangBros dot com*,"Author: @mac-leon.bsky.social
Post: *BangBros dot com*
Quoted @copaceticbunsz.com: What would a kidnapper van need to say to get you to get in the van ?"
https://bsky.app/profile/dukevulture.bsky.social/post/3m4gkuzjvz22m,Inside me there are two sluts.,"Author: @dukevulture.bsky.social
Post: Inside me there are two sluts.
Quoted @dukevulture.bsky.social: Gruul Loincloth or Orzov Boob Window?"
